,factor
2021-03-21,0.00318
2021-03-22,0.002476
2021-03-23,0.001702
2021-03-24,0.001953
2021-03-25,0.002007
2021-03-26,0.00172
2021-03-27,0.002651
2021-03-28,0.003262
2021-03-29,0.002146
2021-03-30,0.001959
2021-03-31,0.002393
2021-04-01,0.002074
2021-04-02,0.003394
2021-04-03,0.003719
2021-04-04,0.00299
2021-04-05,0.002245
2021-04-06,0.002039
2021-04-07,0.001507
2021-04-08,0.001716
2021-04-10,0.002324
2021-04-11,0.003219
2021-04-12,0.001345
2021-04-13,0.001885
2021-04-14,0.001624
2021-04-15,0.001366
2021-04-16,0.001299
2021-04-17,0.003336
2021-04-18,0.001668
2021-04-19,0.001912
2021-04-20,0.001196
2021-04-21,0.002289
2021-04-22,0.002278
2021-04-23,0.002504
2021-04-24,0.003602
2021-04-25,0.004388
2021-04-26,0.002328
2021-04-27,0.002288
2021-04-28,0.002527
2021-04-29,0.001765
2021-04-30,0.001609
2021-05-01,0.001749
2021-05-02,0.002673
2021-05-03,0.001456
2021-05-04,0.001657
2021-05-05,0.001154
2021-05-06,0.000982
2021-05-07,0.001758
2021-05-08,0.00232
2021-05-09,0.001881
2021-05-10,0.001049
2021-05-11,0.001554
2021-05-12,0.001575
2021-05-13,0.001291
2021-05-14,0.000942
2021-05-15,0.003464
2021-05-16,0.001724
2021-05-17,0.001321
2021-05-18,0.001741
2021-05-19,0.002169
2021-05-20,0.00133
2021-05-21,0.001845
2021-05-22,0.002468
2021-05-23,0.002509
2021-05-24,0.001523
2021-05-25,0.001799
2021-05-26,0.001491
2021-05-27,0.001911
2021-05-28,0.002091
2021-05-29,0.002112
2021-05-30,0.003209
2021-05-31,0.003078
2021-06-01,0.001661
2021-06-02,0.002135
2021-06-03,0.002468
2021-06-04,0.002468
2021-06-05,0.00223
2021-06-06,0.002321
2021-06-07,0.002343
2021-06-08,0.00283
2021-06-09,0.003486
2021-06-10,0.003535
2021-06-11,0.003431
2021-06-12,0.00403
2021-06-13,0.003563
2021-06-14,0.003467
2021-06-15,0.003128
2021-06-16,0.00284
2021-06-17,0.002892
2021-06-18,0.002837
2021-06-19,0.003759
2021-06-20,0.003524
2021-06-21,0.003816
2021-06-22,0.0036
2021-06-23,0.003299
2021-06-24,0.002916
2021-06-25,0.003289
2021-06-26,0.002984
2021-06-27,0.003518
2021-06-28,0.002796
2021-06-29,0.002345
2021-06-30,0.002394
2021-07-01,0.002325
2021-07-02,0.002174
2021-07-03,0.00243
2021-07-04,0.002347
2021-07-05,0.002824
2021-07-06,0.002059
2021-07-07,0.00158
2021-07-08,0.001922
2021-07-09,0.001871
2021-07-10,0.002333
2021-07-11,0.002266
2021-07-12,0.001504
2021-07-13,0.001809
2021-07-14,0.001469
2021-07-15,0.001801
2021-07-16,0.001577
2021-07-17,0.002377
2021-07-18,0.002073
2021-07-19,0.001336
2021-07-20,0.001573
2021-07-21,0.001984
2021-07-22,0.001971
2021-07-23,0.001267
2021-07-24,0.002353
2021-07-25,0.002931
2021-07-26,0.001046
2021-07-27,0.001148
2021-07-28,0.001631
2021-07-29,0.001816
2021-07-30,0.001263
2021-07-31,0.002435
2021-08-01,0.002124
2021-08-02,0.001935
2021-08-03,0.001023
2021-08-04,0.001799
2021-08-05,0.001892
2021-08-06,0.002111
2021-08-07,0.002107
2021-08-08,0.002778
2021-08-09,0.001559
2021-08-10,0.00156
2021-08-11,0.00098
2021-08-12,0.001684
2021-08-13,0.003259
2021-08-14,0.003316
2021-08-15,0.002569
2021-08-16,0.001815
2021-08-17,0.001644
2021-08-18,0.001042
2021-08-19,0.000718
2021-08-20,0.001889
2021-08-21,0.002118
2021-08-22,0.00256
2021-08-23,0.001104
2021-08-24,0.001424
2021-08-25,0.001599
2021-08-26,0.001799
2021-08-27,0.001383
2021-08-28,0.004244
2021-08-29,0.002134
2021-08-30,0.001466
2021-08-31,0.001443
2021-09-01,0.001982
2021-09-02,0.001077
2021-09-03,0.001431
2021-09-04,0.002038
2021-09-05,0.002089
2021-09-06,0.002141
2021-09-07,0.001613
2021-09-08,0.001155
2021-09-09,0.001163
2021-09-10,0.001015
2021-09-11,0.002159
2021-09-12,0.002547
2021-09-13,0.001675
2021-09-14,0.001376
2021-09-15,0.002314
2021-09-16,0.002115
2021-09-17,0.001424
2021-09-18,0.002578
2021-09-19,0.000717
2021-09-20,-0.000617
2021-09-21,4.2e-05
2021-09-22,0.000203
2021-09-23,-0.000233
2021-09-24,-0.000345
2021-09-25,0.000952
2021-09-26,-0.001152
2021-09-27,4.5e-05
2021-09-28,-0.001722
2021-09-29,-0.002247
2021-09-30,-0.001165
2021-10-01,-0.000523
2021-10-02,0.000307
2021-10-03,-0.000819
2021-10-04,-0.000714
2021-10-05,8.4e-05
2021-10-06,0.000397
2021-10-07,9.5e-05
2021-10-08,-0.000608
2021-10-09,-0.000256
2021-10-10,-6.5e-05
2021-10-11,-0.00101
2021-10-12,-0.000343
2021-10-13,-0.000573
2021-10-14,-0.00034
2021-10-15,-0.0008
2021-10-16,-0.001195
2021-10-17,-0.000197
2021-10-18,-0.000769
2021-10-19,-0.000215
2021-10-20,4.5e-05
2021-10-21,-0.000508
2021-10-22,-0.00141
2021-10-23,-0.001634
2021-10-24,0.00029
2021-10-25,-0.000352
2021-10-26,-0.000561
2021-10-27,-0.000635
2021-10-28,-0.000388
2021-10-29,-0.001517
2021-10-30,-0.00137
2021-10-31,-0.001359
2021-11-01,-0.000472
2021-11-02,-0.000639
2021-11-03,-0.000316
2021-11-04,-0.000121
2021-11-05,-0.000673
2021-11-06,-0.000226
2021-11-07,-0.0015
2021-11-08,-0.000487
2021-11-09,-0.001477
2021-11-10,-0.001297
2021-11-11,-0.000303
2021-11-12,-0.000841
2021-11-13,-2e-05
2021-11-14,3.2e-05
2021-11-15,-0.000847
2021-11-16,-0.000392
2021-11-17,-0.000279
2021-11-18,5.4e-05
2021-11-19,0.000379
2021-11-20,-0.000392
2021-11-21,0.000387
2021-11-22,0.000665
2021-11-23,0.001255
2021-11-24,0.002468
2021-11-25,0.003448
2021-11-26,0.000496
2021-11-27,0.001209
2021-11-28,0.002393
2021-11-29,0.001667
2021-11-30,0.000822
2021-12-01,0.001069
2021-12-02,0.000899
2021-12-03,0.00092
2021-12-04,0.000601
2021-12-05,0.001566
2021-12-06,0.001303
2021-12-07,0.001711
2021-12-08,0.000909
2021-12-09,0.001791
2021-12-10,0.001545
2021-12-11,0.002535
2021-12-12,0.001846
2021-12-13,0.00111
2021-12-14,0.001234
2021-12-15,0.001036
2021-12-16,0.000559
2021-12-17,0.001385
2021-12-18,0.00188
2021-12-19,0.00091
2021-12-20,0.000493
2021-12-21,0.001007
2021-12-22,0.001319
2021-12-23,0.001452
2021-12-24,0.000868
2021-12-25,0.004643
2021-12-26,0.002356
2021-12-27,0.000707
2021-12-28,0.00082
2021-12-29,0.000698
2021-12-30,0.001325
2021-12-31,0.000762
2022-01-01,0.001918
2022-01-02,0.002168
2022-01-03,0.001496
2022-01-04,0.001375
2022-01-05,0.001139
2022-01-06,0.000875
2022-01-07,0.001081
2022-01-08,0.001496
2022-01-09,0.002878
2022-01-10,0.001677
2022-01-11,0.00198
2022-01-12,0.002011
2022-01-13,0.001425
2022-01-14,0.001339
2022-01-15,0.002334
2022-01-16,0.002466
2022-01-17,0.001735
2022-01-18,0.001728
2022-01-19,0.001612
2022-01-20,0.000926
2022-01-21,0.000847
2022-01-22,0.001876
2022-01-23,0.001164
2022-01-24,0.001131
2022-01-25,0.00133
2022-01-26,0.000873
2022-01-27,0.001106
2022-01-28,0.001297
2022-01-29,0.001771
2022-01-30,0.001853
2022-01-31,0.000942
2022-02-01,0.001241
2022-02-02,0.000311
2022-02-03,0.000562
2022-02-04,0.000988
2022-02-05,0.001334
2022-02-06,0.001311
2022-02-07,0.001274
2022-02-08,-0.000122
2022-02-09,-0.001217
2022-02-10,0.001068
2022-02-11,8.6e-05
2022-02-12,0.00065
2022-02-13,0.002169
2022-02-14,1e-06
2022-02-15,0.001102
2022-02-16,0.00044
2022-02-17,0.000557
2022-02-18,0.000492
2022-02-19,0.000399
2022-02-20,0.000513
2022-02-21,0.001399
2022-02-22,0.001552
2022-02-23,0.000951
2022-02-24,-8e-06
2022-02-25,0.00064
2022-02-26,0.001857
2022-02-27,0.000222
2022-02-28,0.00084
2022-03-01,0.001653
2022-03-02,0.000442
2022-03-03,0.00227
2022-03-04,0.000312
2022-03-05,0.00163
2022-03-06,0.000385
2022-03-07,0.001236
2022-03-08,-0.000408
2022-03-09,0.001374
2022-03-10,0.001307
2022-03-11,0.001143
2022-03-12,-0.00067
2022-03-13,1.1e-05
2022-03-14,0.000621
2022-03-15,0.00044
2022-03-16,0.001408
2022-03-17,0.001221
2022-03-18,0.001169
2022-03-19,0.001873
2022-03-20,0.003008
2022-03-21,0.000467
2022-03-22,0.000869
2022-03-23,0.001462
2022-03-24,0.001354
2022-03-25,0.001322
2022-03-26,0.001799
2022-03-27,0.002902
2022-03-28,0.001609
2022-03-29,0.001171
2022-03-30,0.00028
2022-03-31,0.000457
2022-04-01,0.000635
2022-04-02,0.002155
2022-04-03,0.00137
2022-04-04,0.00105
2022-04-05,0.001107
2022-04-06,0.001556
2022-04-07,0.001396
2022-04-08,0.000223
2022-04-09,0.002467
2022-04-11,0.001242
2022-04-12,0.000888
2022-04-13,-0.000107
2022-04-14,0.000978
2022-04-15,0.002328
2022-04-16,0.001889
2022-04-17,0.001251
2022-04-18,0.001089
2022-04-19,0.000844
2022-04-20,0.000789
2022-04-21,0.001051
2022-04-22,0.000174
2022-04-23,0.001995
2022-04-24,0.00163
2022-04-25,0.000429
2022-04-26,0.000861
2022-04-27,0.000535
2022-04-28,0.001029
2022-04-29,0.00068
2022-04-30,0.000777
2022-05-01,0.00099
2022-05-02,0.000992
2022-05-03,0.00162
2022-05-04,0.000813
2022-05-05,0.001151
2022-05-06,0.00035
2022-05-07,-0.000337
2022-05-08,0.001534
2022-05-09,0.001286
2022-05-10,4e-05
2022-05-11,0.000561
2022-05-12,0.001423
2022-05-13,0.000507
2022-05-14,0.002063
2022-05-15,0.002735
2022-05-16,-0.000234
2022-05-17,0.000713
2022-05-18,0.000741
2022-05-19,-0.000525
2022-05-20,0.000782
2022-05-21,0.002191
2022-05-22,0.001117
2022-05-23,0.000775
2022-05-24,-0.000232
2022-05-25,0.000529
2022-05-26,0.000537
2022-05-27,0.000391
2022-05-28,0.000728
2022-05-29,0.002384
2022-05-30,0.000988
2022-05-31,0.000472
2022-06-01,0.000714
2022-06-02,-0.000693
2022-06-03,0.000467
2022-06-04,0.001061
2022-06-05,0.001084
2022-06-06,0.001108
2022-06-07,0.000638
2022-06-08,0.000692
2022-06-09,0.000816
2022-06-10,1.9e-05
2022-06-11,0.000575
2022-06-12,-0.000837
2022-06-13,0.00136
2022-06-14,0.002807
2022-06-15,0.001165
2022-06-16,0.001465
2022-06-17,0.000511
2022-06-18,0.002185
2022-06-19,0.000697
2022-06-20,0.002426
2022-06-21,0.00117
2022-06-22,0.001064
2022-06-23,0.000307
2022-06-24,0.001665
2022-06-25,0.001097
2022-06-26,0.002793
2022-06-27,0.001193
2022-06-28,0.001377
2022-06-29,0.001285
2022-06-30,0.000498
2022-07-01,0.001271
2022-07-02,0.002585
2022-07-03,0.003139
2022-07-04,0.001054
2022-07-05,-0.00021
2022-07-06,0.001039
2022-07-07,0.000784
2022-07-08,0.00092
2022-07-09,0.001611
2022-07-10,0.000344
2022-07-11,0.001125
2022-07-12,0.000841
2022-07-13,0.00202
2022-07-14,0.000542
2022-07-15,0.000483
2022-07-16,0.00123
2022-07-17,0.000381
2022-07-18,5.5e-05
2022-07-19,0.000612
2022-07-20,0.000656
2022-07-21,5e-05
2022-07-22,8e-06
2022-07-23,0.001324
2022-07-24,0.000797
2022-07-25,-0.000554
2022-07-26,-0.000212
2022-07-27,0.000482
2022-07-28,-0.000753
2022-07-29,0.001275
2022-07-30,0.000817
2022-07-31,0.00206
2022-08-01,0.000205
2022-08-02,0.000672
2022-08-03,0.000959
2022-08-04,0.001171
2022-08-05,0.001414
2022-08-06,0.001895
2022-08-07,0.001584
2022-08-08,0.001598
2022-08-09,0.001697
2022-08-10,0.000894
2022-08-11,0.001713
2022-08-12,0.000596
2022-08-13,0.001568
2022-08-14,0.003109
2022-08-15,0.001598
2022-08-16,0.001411
2022-08-17,0.001369
2022-08-18,0.001072
2022-08-19,0.001066
2022-08-20,0.001974
2022-08-21,0.001536
2022-08-22,0.001124
2022-08-23,0.001558
2022-08-24,0.00177
2022-08-25,0.001397
2022-08-26,0.001601
2022-08-27,0.002059
2022-08-28,0.002804
2022-08-29,0.001533
2022-08-30,0.001581
2022-08-31,0.001474
2022-09-01,0.000692
2022-09-02,0.000787
2022-09-03,0.001722
2022-09-04,-0.001194
2022-09-05,-0.000219
2022-09-06,0.000339
2022-09-07,0.000269
2022-09-08,0.001281
2022-09-09,0.001433
2022-09-10,0.00193
2022-09-11,0.001204
2022-09-12,0.001888
2022-09-13,0.000719
2022-09-14,0.00137
2022-09-15,0.001187
2022-09-16,0.000821
2022-09-17,0.00204
2022-09-18,0.000958
2022-09-19,0.00074
2022-09-20,0.000661
2022-09-21,0.001289
2022-09-22,0.000669
2022-09-23,0.000705
2022-09-24,0.0004
2022-09-25,0.002695
2022-09-26,0.000959
2022-09-27,0.000592
2022-09-28,1e-06
2022-09-29,0.000366
2022-09-30,0.00136
2022-10-01,0.001813
2022-10-02,0.0008
2022-10-03,0.00095
2022-10-04,0.000716
2022-10-05,0.000862
2022-10-06,0.006287
2022-10-07,0.001435
2022-10-08,0.000946
2022-10-09,0.000733
2022-10-10,0.000883
2022-10-11,-1.7e-05
2022-10-12,0.000313
2022-10-13,0.001249
2022-10-14,0.001738
2022-10-15,0.001861
2022-10-16,0.001979
2022-10-17,0.00134
2022-10-18,0.001774
2022-10-19,0.001046
2022-10-20,0.0009
2022-10-21,0.000759
2022-10-22,0.001166
2022-10-23,0.000882
2022-10-24,0.001042
2022-10-25,0.000299
2022-10-26,0.000301
2022-10-27,0.001638
2022-10-28,0.000798
2022-10-29,0.000318
2022-10-30,0.001783
2022-10-31,0.001893
2022-11-01,0.000573
2022-11-02,0.0013
2022-11-03,0.00025
2022-11-04,0.002293
2022-11-05,0.001985
2022-11-06,0.002008
2022-11-07,0.000856
2022-11-08,-0.000128
2022-11-09,0.001794
2022-11-10,0.002738
2022-11-11,0.001882
2022-11-12,0.001444
2022-11-13,0.000905
2022-11-14,0.00197
2022-11-15,0.001097
2022-11-16,0.000507
2022-11-17,0.000556
2022-11-18,0.000481
2022-11-19,0.002408
2022-11-20,0.001071
2022-11-21,0.001373
2022-11-22,0.001181
2022-11-23,0.001087
2022-11-24,0.001368
2022-11-25,0.001239
2022-11-26,0.002772
2022-11-27,0.00207
2022-11-28,0.000658
2022-11-29,0.00049
2022-11-30,0.000825
2022-12-01,0.000342
2022-12-02,0.001655
2022-12-03,0.003783
2022-12-04,0.004413
2022-12-05,0.001614
2022-12-06,0.001526
2022-12-07,0.000804
2022-12-08,0.001137
2022-12-09,0.001409
2022-12-10,0.002977
2022-12-11,0.006106
2022-12-12,0.00139
2022-12-13,0.002011
2022-12-14,0.001724
2022-12-15,0.001928
2022-12-16,0.001251
2022-12-17,0.002354
2022-12-18,0.001661
2022-12-19,0.001863
2022-12-20,-0.001925
2022-12-21,0.001877
2022-12-22,0.001376
2022-12-23,0.002185
2022-12-24,0.002092
2022-12-25,0.001951
2022-12-26,0.001961
2022-12-27,0.000955
2022-12-28,0.001237
2022-12-30,0.000987
2022-12-31,0.002022
2023-01-01,0.001372
2023-01-02,0.00115
2023-01-03,0.000935
2023-01-04,0.000819
2023-01-05,0.000562
2023-01-06,0.000491
2023-01-07,0.002964
2023-01-08,0.001824
2023-01-09,0.000919
2023-01-10,0.00058
2023-01-11,0.001475
2023-01-12,0.002577
2023-01-13,0.001878
2023-01-14,0.002011
2023-01-15,0.00271
2023-01-16,0.001009
2023-01-17,0.001541
2023-01-18,0.001743
2023-01-19,0.000534
2023-01-20,0.002163
2023-01-21,0.001349
2023-01-22,0.003754
2023-01-23,0.001243
2023-01-24,0.001021
2023-01-25,0.001226
2023-01-26,0.001199
2023-01-27,0.001209
2023-01-28,0.002804
2023-01-29,0.003223
2023-01-30,0.001589
2023-01-31,0.000462
2023-02-01,0.001377
2023-02-02,0.001083
2023-02-03,0.002011
2023-02-04,0.003659
2023-02-05,0.002545
2023-02-06,0.000873
2023-02-07,0.000561
2023-02-08,0.00154
2023-02-09,0.001281
2023-02-10,0.001484
2023-02-11,0.002609
2023-02-12,0.000288
2023-02-13,0.001936
2023-02-14,0.001564
2023-02-15,0.002067
2023-02-16,0.001251
2023-02-17,0.001129
2023-02-18,0.00186
2023-02-19,0.003062
2023-02-20,0.004615
2023-02-21,0.000654
2023-02-22,0.001828
2023-02-23,0.001672
2023-02-24,0.000792
2023-02-25,0.001388
2023-02-26,0.00138
2023-02-27,0.001715
2023-02-28,0.001088
2023-03-01,0.000712
2023-03-02,0.001803
2023-03-03,0.001292
2023-03-04,0.002269
2023-03-05,-0.001016
2023-03-06,0.000577
2023-03-07,0.00044
2023-03-08,0.000616
2023-03-09,0.001656
2023-03-10,0.000714
2023-03-11,-5.8e-05
2023-03-12,8.9e-05
2023-03-13,0.001346
2023-03-14,0.001429
2023-03-15,0.000886
2023-03-16,0.001352
2023-03-17,0.000815
2023-03-18,0.001312
2023-03-19,0.001042
2023-03-20,0.000908
2023-03-21,0.001306
2023-03-22,0.001785
2023-03-23,0.001044
2023-03-24,0.000839
2023-03-25,0.000416
2023-03-26,-0.000281
2023-03-27,0.000287
2023-03-28,0.001622
2023-03-29,0.000761
2023-03-30,0.001031
2023-03-31,0.001118
2023-04-01,0.002305
2023-04-02,0.002052
2023-04-03,-6.2e-05
2023-04-04,0.000559
2023-04-05,0.001212
2023-04-06,0.001433
2023-04-07,0.001093
2023-04-08,0.000846
2023-04-09,0.001346
2023-04-10,0.000451
2023-04-11,0.00136
2023-04-12,0.00117
2023-04-13,0.00111
2023-04-14,0.000639
2023-04-15,0.001049
2023-04-16,0.002439
2023-04-17,0.000386
2023-04-18,0.00082
2023-04-19,0.000271
2023-04-20,0.001184
2023-04-21,0.00079
2023-04-22,0.001296
2023-04-23,0.001411
2023-04-24,0.00165
2023-04-25,0.000706
2023-04-26,0.000561
2023-04-27,0.000959
2023-04-28,0.001521
2023-04-29,0.001638
2023-04-30,0.001731
2023-05-01,0.001393
2023-05-02,0.000987
2023-05-03,0.001054
2023-05-04,0.000234
2023-05-05,0.00089
2023-05-06,0.00274
2023-05-07,0.003009
2023-05-08,0.001051
2023-05-09,0.000649
2023-05-10,0.001091
2023-05-11,0.000512
2023-05-12,0.00137
2023-05-13,0.000954
2023-05-14,3.5e-05
2023-05-15,0.000689
2023-05-16,-9.4e-05
2023-05-17,0.001305
2023-05-18,0.001465
2023-05-19,0.001756
2023-05-20,0.002082
2023-05-21,0.001575
2023-05-22,0.001113
2023-05-23,0.000526
2023-05-24,0.000913
2023-05-25,0.001578
2023-05-26,0.001845
2023-05-27,0.001601
2023-05-28,0.002033
2023-05-29,0.002351
2023-05-30,0.001723
2023-05-31,0.000508
2023-06-01,0.00098
2023-06-02,0.001378
2023-06-03,0.002437
2023-06-04,0.003416
2023-06-05,0.001594
2023-06-06,0.002226
2023-06-07,0.001701
2023-06-08,0.001381
2023-06-09,0.001549
2023-06-10,0.003339
2023-06-11,0.002516
2023-06-12,0.001482
2023-06-13,0.000392
2023-06-14,0.001459
2023-06-15,0.001336
2023-06-16,0.001426
2023-06-17,0.003067
2023-06-18,0.003461
2023-06-19,0.002164
2023-06-20,0.000734
2023-06-21,0.001056
2023-06-22,0.00122
2023-06-23,0.000838
2023-06-24,-0.00094
2023-06-25,0.002097
2023-06-26,0.001288
2023-06-27,0.001015
2023-06-28,0.00086
2023-06-29,0.00081
2023-06-30,0.002592
2023-07-01,0.002028
2023-07-02,0.002181
2023-07-03,0.001934
2023-07-04,0.002517
2023-07-05,0.000426
2023-07-06,0.00127
2023-07-07,0.001022
2023-07-08,0.001557
2023-07-09,0.00259
2023-07-10,0.001847
2023-07-11,0.001689
2023-07-12,0.001857
2023-07-13,0.001286
2023-07-14,0.00124
2023-07-15,0.002979
2023-07-16,0.001656
2023-07-17,0.001501
2023-07-18,0.00178
2023-07-19,0.00153
2023-07-20,0.000765
2023-07-21,0.000602
2023-07-22,0.001268
2023-07-23,0.001821
2023-07-24,0.000552
2023-07-25,0.000814
2023-07-26,0.001667
2023-07-27,0.001308
2023-07-28,0.001721
2023-07-29,0.002893
2023-07-30,0.001747
2023-07-31,0.000864
2023-08-01,0.001448
2023-08-02,0.000932
2023-08-03,0.001228
2023-08-04,0.001564
2023-08-05,0.002226
2023-08-06,0.001016
2023-08-07,0.000512
2023-08-08,0.001353
2023-08-09,0.000404
2023-08-10,0.001228
2023-08-11,0.001527
2023-08-12,0.00142
2023-08-13,0.001247
2023-08-14,0.001456
2023-08-15,0.001085
2023-08-16,0.000366
2023-08-17,0.001144
2023-08-18,0.000235
2023-08-19,0.001983
2023-08-20,0.000109
2023-08-21,0.000933
2023-08-22,0.000902
2023-08-23,0.001743
2023-08-24,0.001398
2023-08-25,0.001135
2023-08-26,0.001675
2023-08-27,0.001906
2023-08-28,0.001768
2023-08-29,0.001205
2023-08-30,0.000851
2023-08-31,0.000482
2023-09-01,0.001032
2023-09-02,0.001579
2023-09-03,0.001961
2023-09-04,0.002183
2023-09-05,0.001022
2023-09-06,-0.000469
2023-09-07,2.4e-05
2023-09-08,0.00082
2023-09-09,0.00116
2023-09-10,0.003706
2023-09-11,0.00173
2023-09-12,0.001016
2023-09-13,0.000678
2023-09-14,0.001102
2023-09-15,0.001089
2023-09-16,0.000889
2023-09-17,0.002374
2023-09-18,0.001403
2023-09-19,0.001895
2023-09-20,0.000719
2023-09-21,0.001274
2023-09-22,0.001563
2023-09-23,0.002287
2023-09-24,0.002577
2023-09-25,0.001462
2023-09-26,0.000486
2023-09-27,0.001419
2023-09-28,0.001291
2023-09-29,0.001567
2023-09-30,0.001836
2023-10-01,0.000689
2023-10-02,0.001222
2023-10-03,0.000115
2023-10-04,0.000877
2023-10-05,0.001112
2023-10-06,0.000217
2023-10-07,0.002346
2023-10-08,0.002422
2023-10-09,0.000649
2023-10-10,0.001378
